3,0,0
3,0,0
3,0,0
3,0,0
3,0,0
3,0,0
3,0,0
3,0,0
3,0,0
3,0,0
3,0,0
3,0,0
3,0,0
3,0,0
3,0,0
3,0,0
3,0,0
3,0,0
3,0,0
3,0,0
3,0,0
3,0,0
3,0,0
3,0,0
3,0,0
3,0,0
3,0,0
3,0,0
3,0,0
3,0,0
3,0,0
3,0,0
3,0,0
3,0,0
3,0,0
3,0,0
3,0,0
3,0,0
3,0,0
3,0,0
3,0,0
3,0,0
3,0,0
3,0,0
3,0,0
3,0,0
3,0,0
3,0,0
3,0,0
3,0,0
3,0,0
3,0,0
3,0,0
3,0,0
3,0,0
3,0,0
3,0,0
3,0,0
3,0,0
3,0,0
3,0,0
3,0,0
3,0,0
3,0,0
3,0,0
3,0,0
3,0,0
3,0,0
3,0,0
3,0,0
3,0,0
3,0,0
3,0,0
3,0,0
3,0,0
3,0,0
3,0,0
3,0,0
3,0,0
3,0,0
3,0,0
3,0,0
3,0,0
3,0,0
3,0,0
3,0,0
3,0,0
3,0,0
3,0,0
3,0,0
3,0,0
3,0,0
3,0,0
3,0,0
0,0,0
0,0,0
0,0,0
0,0,0
0,0,0
0,0,0
0,0,0
0,0,0
0,0,0
0,0,0
0,0,0
0,0,0
0,0,0
0,0,0
0,0,0
0,0,0
0,0,0
0,0,0
0,0,0
0,0,0
0,0,0
0,0,0
0,0,0
0,0,0
0,0,0
0,0,0
0,0,0
0,0,0
0,0,0
0,0,0
0,0,0
0,0,0
0,0,0
0,0,0
0,0,0
0,0,0
0,0,0
0,0,0
0,0,0
0,0,0
0,0,0
0,0,0
0,0,0
0,0,0
0,0,0
0,0,0
0,0,0
0,0,0
0,0,0
0,0,0
0,0,0
0,0,0
0,0,0
0,0,0
0,0,0
0,0,0
0,0,0
0,0,0
0,0,0
0,0,0
0,0,0
0,0,0
0,0,0
0,0,0
0,0,0
0,0,0
0,0,0
0,0,0
0,0,0
0,0,0
0,0,0
0,0,0
0,0,0
0,0,0
0,0,0
0,0,0
0,0,0
0,0,0
0,0,0
0,0,0
0,0,0
0,0,0
0,0,0
0,0,0
0,0,0
0,0,0
0,0,0
0,0,0
0,0,0
0,0,0
0,0,0
0,0,0
0,0,0
0,0,0
3,0,0
3,0,0
3,0,0
0.99998818,-0.36463935,-0.086576651
1.964457,-0.38020392,0.18026772
0,0,0
0,0,0
0,0,0
1.0256296,0.54766025,0.17403616
2.1673899,0.4832043,-0.06839964
3,0,0
3,0,0
3,0,0
3,0,0
3,0,0
3,0,0
3,0,0
3,0,0
3,0,0
3,0,0
3,0,0
3,0,0
3,0,0
3,0,0
3,0,0
3,0,0
3,0,0
3,0,0
3,0,0
3,0,0
3,0,0
3,0,0
3,0,0
3,0,0
3,0,0
3,0,0
3,0,0
3,0,0
3,0,0
3,0,0
3,0,0
3,0,0
3,0,0
3,0,0
3,0,0
3,0,0
3,0,0
3,0,0
3,0,0
3,0,0
3,0,0
3,0,0
3,0,0
3,0,0
3,0,0
3,0,0
3,0,0
3,0,0
3,0,0
3,0,0
3,0,0
3,0,0
3,0,0
3,0,0
3,0,0
3,0,0
3,0,0
3,0,0
3,0,0
3,0,0
3,0,0
3,0,0
3,0,0
3,0,0
3,0,0
3,0,0
3,0,0
3,0,0
3,0,0
3,0,0
3,0,0
3,0,0
3,0,0
3,0,0
3,0,0
3,0,0
3,0,0
3,0,0
3,0,0
3,0,0
3,0,0
3,0,0
3,0,0
3,0,0
3,0,0
3,0,0
3,0,0
3,0,0
3,0,0
3,0,0
3,0,0
3,0,0
3,0,0
3,0,0
0,0,0
0,0,0
0,0,0
0,0,0
0,0,0
0,0,0
0,0,0
0,0,0
0,0,0
0,0,0
0,0,0
0,0,0
0,0,0
0,0,0
0,0,0
0,0,0
0,0,0
0,0,0
0,0,0
0,0,0
0,0,0
0,0,0
0,0,0
0,0,0
0,0,0
0,0,0
0,0,0
0,0,0
0,0,0
0,0,0
0,0,0
0,0,0
0,0,0
0,0,0
0,0,0
0,0,0
0,0,0
0,0,0
0,0,0
0,0,0
0,0,0
0,0,0
0,0,0
0,0,0
0,0,0
0,0,0
0,0,0
0,0,0
0,0,0
0,0,0
0,0,0
0,0,0
0,0,0
0,0,0
0,0,0
0,0,0
0,0,0
0,0,0
0,0,0
0,0,0
0,0,0
0,0,0
0,0,0
0,0,0
0,0,0
0,0,0
0,0,0
0,0,0
0,0,0
0,0,0
0,0,0
0,0,0
0,0,0
0,0,0
0,0,0
0,0,0
0,0,0
0,0,0
0,0,0
0,0,0
0,0,0
0,0,0
0,0,0
0,0,0
0,0,0
0,0,0
0,0,0
0,0,0
0,0,0
0,0,0
0,0,0
0,0,0
0,0,0
0,0,0
3,0,0
3,0,0
3,0,0
0.99441528,-0.36915231,0.093690939
1.9748717,-0.37127769,-0.18792846
0,0,0
0,0,0
0,0,0
0.99539211,0.55775976,-0.19084671
2.1736366,0.47426144,0.077707953
1.5850223,0.57830786,0.065718189
2.6343633,0.27473383,-0.14803434
0.46688739,0.32134174,0.19908092
1.4908764,-0.4064837,0.055078794
0.51161193,-0.22347483,-0.14723275
2.4747764,-0.15327885,0.19940242
1.492414,-0.40047193,-0.054993394
2.4396851,-0.24257138,-0.22238447
0.46692634,-0.17655683,0.18551102
1.5964116,0.58578202,-0.065210718
0.47914905,0.32610427,-0.19663625
2.6521637,0.27608808,0.15173762
3,0,0
3,0,0
3,0,0
3,0,0
3,0,0
3,0,0
3,0,0
3,0,0
3,0,0
3,0,0
3,0,0
3,0,0
3,0,0
3,0,0
3,0,0
3,0,0
3,0,0
3,0,0
3,0,0
3,0,0
3,0,0
3,0,0
3,0,0
3,0,0
3,0,0
3,0,0
3,0,0
3,0,0
3,0,0
3,0,0
3,0,0
3,0,0
3,0,0
3,0,0
3,0,0
3,0,0
3,0,0
3,0,0
3,0,0
3,0,0
3,0,0
3,0,0
3,0,0
3,0,0
3,0,0
3,0,0
3,0,0
3,0,0
3,0,0
3,0,0
3,0,0
3,0,0
3,0,0
3,0,0
3,0,0
3,0,0
3,0,0
3,0,0
3,0,0
3,0,0
3,0,0
3,0,0
3,0,0
3,0,0
3,0,0
3,0,0
3,0,0
3,0,0
3,0,0
3,0,0
3,0,0
3,0,0
3,0,0
3,0,0
3,0,0
3,0,0
3,0,0
3,0,0
3,0,0
3,0,0
3,0,0
3,0,0
3,0,0
3,0,0
3,0,0
3,0,0
3,0,0
3,0,0
3,0,0
3,0,0
3,0,0
3,0,0
3,0,0
3,0,0
3,0,0
3,0,0
3,0,0
3,0,0
3,0,0
3,0,0
3,0,0
3,0,0
3,0,0
3,0,0
3,0,0
3,0,0
3,0,0
3,0,0
3,0,0
3,0,0
3,0,0
3,0,0
3,0,0
3,0,0
3,0,0
3,0,0
3,0,0
3,0,0
3,0,0
3,0,0
3,0,0
3,0,0
3,0,0
3,0,0
3,0,0
3,0,0
3,0,0
3,0,0
3,0,0
3,0,0
3,0,0
3,0,0
3,0,0
3,0,0
3,0,0
3,0,0
3,0,0
3,0,0
3,0,0
3,0,0
3,0,0
3,0,0
3,0,0
3,0,0
3,0,0
3,0,0
3,0,0
3,0,0
3,0,0
3,0,0
3,0,0
3,0,0
3,0,0
3,0,0
3,0,0
3,0,0
3,0,0
3,0,0
3,0,0
3,0,0
3,0,0
3,0,0
3,0,0
3,0,0
3,0,0
3,0,0
3,0,0
3,0,0
3,0,0
3,0,0
3,0,0
3,0,0
3,0,0
3,0,0
3,0,0
3,0,0
3,0,0
3,0,0
3,0,0
3,0,0
3,0,0
3,0,0
3,0,0
3,0,0
3,0,0
3,0,0
3,0,0
3,0,0
3,0,0
3,0,0
3,0,0
3,0,0
3,0,0
3,0,0
3,0,0
3,0,0
3,0,0
3,0,0
3,0,0
3,0,0
3,0,0
3,0,0
3,0,0
3,0,0
3,0,0
3,0,0
3,0,0
3,0,0
3,0,0
3,0,0
3,0,0
3,0,0
3,0,0
3,0,0
3,0,0
3,0,0
3,0,0
3,0,0
3,0,0
3,0,0
3,0,0
3,0,0
3,0,0
3,0,0
3,0,0
3,0,0
3,0,0
3,0,0
3,0,0
3,0,0
3,0,0
3,0,0
3,0,0
3,0,0
3,0,0
3,0,0
3,0,0
3,0,0
3,0,0
3,0,0
3,0,0
3,0,0
3,0,0
3,0,0
3,0,0
3,0,0
3,0,0
3,0,0
3,0,0
3,0,0
3,0,0
3,0,0
3,0,0
3,0,0
3,0,0
3,0,0
3,0,0
3,0,0
3,0,0
3,0,0
3,0,0
3,0,0
3,0,0
3,0,0
3,0,0
3,0,0
3,0,0
3,0,0
3,0,0
3,0,0
3,0,0
3,0,0
3,0,0
3,0,0
3,0,0
3,0,0
3,0,0
3,0,0
3,0,0
3,0,0
3,0,0
3,0,0
3,0,0
3,0,0
3,0,0
3,0,0
3,0,0
3,0,0
3,0,0
3,0,0
3,0,0
3,0,0
3,0,0
3,0,0
3,0,0
3,0,0
3,0,0
3,0,0
3,0,0
3,0,0
3,0,0
3,0,0
3,0,0
3,0,0
3,0,0
3,0,0
3,0,0
3,0,0
3,0,0
3,0,0
3,0,0
3,0,0
3,0,0
3,0,0
3,0,0
3,0,0
3,0,0
3,0,0
3,0,0
3,0,0
3,0,0
3,0,0
3,0,0
3,0,0
3,0,0
3,0,0
3,0,0
3,0,0
3,0,0
3,0,0
3,0,0
3,0,0
3,0,0
3,0,0
3,0,0
3,0,0
3,0,0
3,0,0
3,0,0
3,0,0
3,0,0
3,0,0
3,0,0
3,0,0
3,0,0
3,0,0
3,0,0
3,0,0
3,0,0
3,0,0
3,0,0
3,0,0
3,0,0
3,0,0
3,0,0
3,0,0
3,0,0
3,0,0
3,0,0
3,0,0
3,0,0
3,0,0
3,0,0
3,0,0
3,0,0
3,0,0
3,0,0
3,0,0
3,0,0
3,0,0
3,0,0
3,0,0
3,0,0
3,0,0
3,0,0
3,0,0
3,0,0
3,0,0
3,0,0
3,0,0
3,0,0
3,0,0
3,0,0
3,0,0
3,0,0
3,0,0
3,0,0
3,0,0
3,0,0
3,0,0
3,0,0
3,0,0
3,0,0
3,0,0
3,0,0
3,0,0
3,0,0
3,0,0
3,0,0
3,0,0
3,0,0
3,0,0
3,0,0
3,0,0
3,0,0
3,0,0
3,0,0
3,0,0
3,0,0
3,0,0
3,0,0
3,0,0
3,0,0
3,0,0
3,0,0
3,0,0
3,0,0
3,0,0
3,0,0
3,0,0
3,0,0
3,0,0
3,0,0
3,0,0
3,0,0
3,0,0
3,0,0
3,0,0
3,0,0
3,0,0
3,0,0
3,0,0
3,0,0
3,0,0
3,0,0
3,0,0
3,0,0
3,0,0
3,0,0
3,0,0
3,0,0
3,0,0
3,0,0
3,0,0
3,0,0
3,0,0
3,0,0
3,0,0
3,0,0
3,0,0
3,0,0
3,0,0
3,0,0
3,0,0
3,0,0
3,0,0
3,0,0
3,0,0
3,0,0
3,0,0
3,0,0
3,0,0
3,0,0
3,0,0
3,0,0
3,0,0
3,0,0
3,0,0
3,0,0
3,0,0
0,0,0
0,0,0
0,0,0
0,0,0
0,0,0
0,0,0
0,0,0
0,0,0
0,0,0
0,0,0
0,0,0
0,0,0
0,0,0
0,0,0
0,0,0
0,0,0
0,0,0
0,0,0
0,0,0
0,0,0
0,0,0
0,0,0
0,0,0
0,0,0
0,0,0
0,0,0
0,0,0
0,0,0
0,0,0
0,0,0
0,0,0
0,0,0
0,0,0
0,0,0
0,0,0
0,0,0
0,0,0
0,0,0
0,0,0
0,0,0
0,0,0
0,0,0
0,0,0
0,0,0
0,0,0
0,0,0
0,0,0
0,0,0
0,0,0
0,0,0
0,0,0
0,0,0
0,0,0
0,0,0
0,0,0
0,0,0
0,0,0
0,0,0
0,0,0
0,0,0
0,0,0
0,0,0
0,0,0
0,0,0
0,0,0
0,0,0
0,0,0
0,0,0
0,0,0
0,0,0
0,0,0
0,0,0
0,0,0
0,0,0
0,0,0
0,0,0
0,0,0
0,0,0
0,0,0
0,0,0
0,0,0
0,0,0
0,0,0
0,0,0
0,0,0
0,0,0
0,0,0
0,0,0
0,0,0
0,0,0
0,0,0
0,0,0
0,0,0
0,0,0
0,0,0
0,0,0
0,0,0
0,0,0
0,0,0
0,0,0
0,0,0
0,0,0
0,0,0
0,0,0
0,0,0
0,0,0
0,0,0
0,0,0
0,0,0
0,0,0
0,0,0
0,0,0
0,0,0
0,0,0
0,0,0
0,0,0
0,0,0
0,0,0
0,0,0
0,0,0
0,0,0
0,0,0
0,0,0
0,0,0
0,0,0
0,0,0
0,0,0
0,0,0
0,0,0
0,0,0
0,0,0
0,0,0
0,0,0
0,0,0
0,0,0
0,0,0
0,0,0
0,0,0
0,0,0
0,0,0
0,0,0
0,0,0
0,0,0
0,0,0
0,0,0
0,0,0
0,0,0
0,0,0
0,0,0
0,0,0
0,0,0
0,0,0
0,0,0
0,0,0
0,0,0
0,0,0
0,0,0
0,0,0
0,0,0
0,0,0
0,0,0
0,0,0
0,0,0
0,0,0
0,0,0
0,0,0
0,0,0
0,0,0
0,0,0
0,0,0
0,0,0
0,0,0
0,0,0
0,0,0
0,0,0
0,0,0
0,0,0
0,0,0
0,0,0
0,0,0
0,0,0
0,0,0
0,0,0
0,0,0
0,0,0
0,0,0
0,0,0
0,0,0
0,0,0
0,0,0
0,0,0
0,0,0
0,0,0
0,0,0
0,0,0
0,0,0
0,0,0
0,0,0
0,0,0
0,0,0
0,0,0
0,0,0
0,0,0
0,0,0
0,0,0
0,0,0
0,0,0
0,0,0
0,0,0
0,0,0
0,0,0
0,0,0
0,0,0
0,0,0
0,0,0
0,0,0
0,0,0
0,0,0
0,0,0
0,0,0
0,0,0
0,0,0
0,0,0
0,0,0
0,0,0
0,0,0
0,0,0
0,0,0
0,0,0
0,0,0
0,0,0
0,0,0
0,0,0
0,0,0
0,0,0
0,0,0
0,0,0
0,0,0
0,0,0
0,0,0
0,0,0
0,0,0
0,0,0
0,0,0
0,0,0
0,0,0
0,0,0
0,0,0
0,0,0
0,0,0
0,0,0
0,0,0
0,0,0
0,0,0
0,0,0
0,0,0
0,0,0
0,0,0
0,0,0
0,0,0
0,0,0
0,0,0
0,0,0
0,0,0
0,0,0
0,0,0
0,0,0
0,0,0
0,0,0
0,0,0
0,0,0
0,0,0
0,0,0
0,0,0
0,0,0
0,0,0
0,0,0
0,0,0
0,0,0
0,0,0
0,0,0
0,0,0
0,0,0
0,0,0
0,0,0
0,0,0
0,0,0
0,0,0
0,0,0
0,0,0
0,0,0
0,0,0
0,0,0
0,0,0
0,0,0
0,0,0
0,0,0
0,0,0
0,0,0
0,0,0
0,0,0
0,0,0
0,0,0
0,0,0
0,0,0
0,0,0
0,0,0
0,0,0
0,0,0
0,0,0
0,0,0
0,0,0
0,0,0
0,0,0
0,0,0
0,0,0
0,0,0
0,0,0
0,0,0
0,0,0
0,0,0
0,0,0
0,0,0
0,0,0
0,0,0
0,0,0
0,0,0
0,0,0
0,0,0
0,0,0
0,0,0
0,0,0
0,0,0
0,0,0
0,0,0
0,0,0
0,0,0
0,0,0
0,0,0
0,0,0
0,0,0
0,0,0
0,0,0
0,0,0
0,0,0
0,0,0
0,0,0
0,0,0
0,0,0
0,0,0
0,0,0
0,0,0
0,0,0
0,0,0
0,0,0
0,0,0
0,0,0
0,0,0
0,0,0
0,0,0
0,0,0
0,0,0
0,0,0
0,0,0
0,0,0
0,0,0
0,0,0
0,0,0
0,0,0
0,0,0
0,0,0
0,0,0
0,0,0
0,0,0
0,0,0
0,0,0
0,0,0
0,0,0
0,0,0
0,0,0
0,0,0
0,0,0
0,0,0
0,0,0
0,0,0
0,0,0
0,0,0
0,0,0
0,0,0
0,0,0
0,0,0
0,0,0
0,0,0
0,0,0
0,0,0
0,0,0
0,0,0
0,0,0
0,0,0
0,0,0
0,0,0
0,0,0
0,0,0
0,0,0
0,0,0
0,0,0
0,0,0
0,0,0
0,0,0
0,0,0
0,0,0
0,0,0
0,0,0
0,0,0
0,0,0
0,0,0
0,0,0
0,0,0
0,0,0
0,0,0
0,0,0
0,0,0
0,0,0
0,0,0
0,0,0
0,0,0
0,0,0
0,0,0
0,0,0
0,0,0
0,0,0
0,0,0
0,0,0
0,0,0
0,0,0
0,0,0
0,0,0
0,0,0
0,0,0
0,0,0
0,0,0
0,0,0
0,0,0
0,0,0
0,0,0
0,0,0
0,0,0
0,0,0
0,0,0
0,0,0
0,0,0
0,0,0
0,0,0
0,0,0
0,0,0
0,0,0
0,0,0
0,0,0
0,0,0
0,0,0
0,0,0
0,0,0
0,0,0
0,0,0
0,0,0
0,0,0
0,0,0
0,0,0
0,0,0
0,0,0
3,0,0
3,0,0
3,0,0
3,0,0
3,0,0
3,0,0
3,0,0
3,0,0
3,0,0
3,0,0
3,0,0
3,0,0
3,0,0
3,0,0
3,0,0
1.0104283,-0.35424696,-0.059263287
1.0133906,-0.34557475,-0.021283911
1.016844,-0.34652102,0.00088017603
1.0041424,-0.35585869,0.025071631
0.99717627,-0.35127457,0.063589175
1.9315318,-0.3549079,0.096075077
1.9011949,-0.38093245,0.046084194
1.8899731,-0.358562,0.0069986285
1.9056362,-0.3448134,-0.054481399
1.9282352,-0.34963077,-0.12268466
0,0,0
0,0,0
0,0,0
0,0,0
0,0,0
0,0,0
0,0,0
0,0,0
0,0,0
0,0,0
0,0,0
0,0,0
0,0,0
0,0,0
0,0,0
1.0492975,0.53994502,-0.098731347
1.068485,0.53335328,-0.047133438
1.0695097,0.52885857,-0.0017708159
1.0736883,0.53902249,0.050154408
1.0480606,0.51149512,0.093462127
2.1535203,0.50961108,0.033481101
2.1473708,0.49093554,0.0057160346
2.1472874,0.5014529,-0.00096967277
2.1478592,0.51797166,-0.0037867091
2.1526557,0.50283487,-0.035828741
0.92448886,0.018571023,0.020666368
1.8291582,0.018851844,0.016179674
1.1406942,0.019465027,0.0043215289
1.7626637,-0.11454317,-0.013976844
1.1700583,-0.11002723,0.0071364242
1.8695565,0.029166562,0.0054130542
0.1673281,0.028351358,-0.10196243
0.68373393,0.026441935,-0.10172187
1.2913111,-0.11145024,-0.015843303
1.8121282,-0.13216486,0.078464492
2.3135714,-0.066275866,0.14797847
2.776718,0.0035515887,0.11103583
0.30707051,0.11240654,0.084152422
1.2015572,0.29668283,0.092733837
1.8273407,0.26461545,0.0075398567
2.7116384,0.063688823,-0.041504098
1.499422,-0.057435827,-0.024321071
0.23607637,0.025388843,-0.079072898
2.8052614,0.0030924838,0.051690613
2.496478,0.012495919,0.082590632
1.2251215,0.051532936,0.028842606
0.44957537,0.067062596,0.038360882
2.5034261,0.035588057,0.0027309513
0.97655975,0.044481401,-0.064137357
1.5694041,-0.0058513837,-0.00046686324
2.0661622,-0.0061525083,0.072690759
1.3890263,0.12095172,0.047421784
1.4759863,-0.12910297,-0.0062670429
2.7709288,-0.010393949,0.012964135
1.3096668,-0.086203344,0.011035814
0.47196243,0.015793161,0.02044596
2.5112662,-0.014037206,-0.00331053
2.0865841,0.090440678,-0.00012625994
0.76408163,0.034828597,-0.057785617
2.5003002,-0.0052792046,0.030227461
2.1876155,0.013109382,0.031505426
1.550939,0.043537403,-0.014464998
0.78379624,-0.10324529,0.016104465
1.4903665,-0.038814572,0.0027077547
0.5956972,-0.044812341,-0.011239021
0.19161168,-0.0025365368,-0.028250387
1.458892,-0.14277323,-0.01860384
0.45837176,-0.035675803,0.021419598
2.7120043,-0.036985025,-0.026870912
2.2034917,-0.10223507,-0.047771272
2.4552926,-0.071635584,-0.019108593
1.3251435,-9.3742913e-05,-0.036459902
2.1601121,-0.014873261,-0.0061192394
1.7335046,0.00043307289,-0.021490264
0.67181077,-0.10590627,0.024323585
0.91455026,-0.075788383,0.017406446
1.5219395,0.084555652,0.00040690357
0.23555214,-0.019868638,0.0014188016
1.4874168,-0.036738183,-0.044107688
0.36280702,-0.062179033,0.023361628
2.7281402,-0.057541721,-0.031990739
2.2534017,-0.11277666,-0.053909808
2.0513753,-0.075443003,-0.011678528
2.5521158,-0.086590452,-0.040260794
1.9728453,-0.04993419,-0.031234776
2.4471269,-0.027514493,-0.015722034
0.74069938,-0.0045731886,-0.039021281
0.27736582,-0.062257247,0.023161554
0.44204971,-0.054743442,0.019070137
0.94500572,0.063002948,-0.012445314
1.5297819,0.14081552,-0.022529131
0.32554945,-0.072026287,0.019905049
2.6279132,-0.073117243,-0.034817785
2.5432323,-0.057315103,-0.016519186
2.0578286,0.055060854,0.01821672
2.6296181,-0.07080871,-0.047912834
1.0643967,-0.040650387,-0.022580241
1.7158912,-0.13242654,-0.020121161
1.0292174,-0.10748055,0.021819478
1.3599434,-0.12651698,-0.017266614
2.3131611,-0.075398397,-0.036179564
0.4742292,-0.080141706,0.026134454
0.56979116,0.10542032,-0.044201402
0.70711133,0.029393682,-0.04404295
0.69795933,-0.062868624,-0.011121951
2.4838734,-0.094385887,-0.034834607
2.4920895,0.093341775,0.021669835
2.2738955,0.03104962,-0.019193351
2.402154,-0.058655094,-0.056057857
1.1021164,-0.093974681,-0.014702047
1.7512086,-0.10164162,-0.034276831
0.48012137,0.10327883,-0.053918317
2.5512356,0.097714019,0.026766623
1.6201305,-0.12614932,-0.041380548
1.0191884,-0.095826757,-0.016135316
0.57471342,0.075949636,-0.060458345
0.23343175,-0.00067502314,-0.017026861
2.4401378,0.079407433,0.012820433
2.7566612,-0.017585532,-0.026539655
0.99586095,0.11516068,-0.055695558
2.064883,0.11212157,-0.0013381199
1.5062607,0.028114726,-0.041588251
0.25538691,0.051765465,-0.037133683
2.7582103,0.049125557,0.011972691
2.7941607,0.0069419009,-0.011322613
2.2550287,-0.011673482,-0.042072573
0.48946454,-0.015660732,0.012980949
2.5022023,-0.024562481,-0.00444014
1.1141629,0.0062340464,-0.041311942
1.8781442,0.0088442609,-0.0388742
0.72415952,-0.018741695,-0.030696485
0.31224282,-0.059475065,0.01207886
2.6877799,-0.054338953,-0.052523923
0.27341878,0.029866688,-0.038481966
2.6872585,0.039312199,0.0044632871
1.5700118,0.13858369,-0.0049691036
2.7860106,-0.033736926,-0.032610964
0.99579702,-0.13064309,-0.005089804
0.95358354,-0.028041704,0.021510325
1.5236021,0.11647166,-0.032032537
0.66556485,-0.09309247,0.0089657704
0.29077528,-0.058273861,0.019195596
0.24906402,-0.022460438,-0.0021937548
1.5512363,-0.086507881,-0.041490113
1.2124955,0.066960894,-0.04790454
1.8095082,0.070431738,-0.028582693
1.8748808,-0.05822701,-0.047238326
1.5479547,-0.022480656,0.013290647
1.0885767,-0.052714802,-0.027534868
1.0264745,-0.13601156,0.01322942
2.113353,0.10003533,0.02251558
0.94011309,0.10565187,-0.028357333
2.5953162,0.067169841,0.017537187
0.4483563,0.088517858,-0.036673614
1.9761414,-0.13710621,-0.038519231
0.92310009,-0.1353919,0.017669531
1.4787673,-0.13814588,-0.017284591
0.53503339,0.031431212,-0.0068337868
2.4729733,0.018380567,0.0090213284
0.41638895,0.044921988,-0.019024998
2.6110079,0.041972091,0.013824118
2.0453195,-0.089952966,-0.05281565
0.33782683,-0.069530771,0.023149155
1.9456603,-0.1344234,-0.05396899
1.4785055,-0.085166519,0.002182158
2.237946,0.075333276,-0.010208055
1.7973019,0.13823872,-0.013266359
0.77339009,0.070416559,-0.05191285
1.2409782,0.13869468,-0.04055389
1.8944248,-0.072638895,-0.0027502742
1.1931801,0.1447098,-0.037727742
1.8311758,0.14488205,0.005591654
1.5243643,-0.14295454,-0.029452521
1.1199589,-0.13525025,0.0010354837
1.8201488,-0.13217442,-0.036497702
1.8981642,-0.13386706,-0.030580458
1.0518871,-0.12987367,0.013566936
1.1345342,-0.080073647,0.024687012
2.0062143,0.0035713679,-0.011742336
1.785941,0.016858865,-0.011521452
1.2631983,0.018836077,-0.0052591604
1.7589302,-0.1099647,0.011005901
1.1598169,-0.10796312,-0.011676386
2.7298654,0.068369511,0.046488958
2.0058577,0.19297098,0.0065123121
1.1918301,0.28910611,-0.087198368
0.29838,0.10259321,-0.080978522
2.8753054,-0.0061631894,-0.13106973
2.3851363,-0.043054804,-0.14367206
1.809163,-0.1452713,-0.066451853
1.2907914,-0.10836307,0.010672577
0.74285679,0.0016224655,0.10966948
0.24885036,0.039563048,0.090796581
1.4364821,0.041932293,-0.029255152
2.5089844,0.048513239,0.0071006773
0.42793709,0.042545225,-0.032037487
1.520944,-0.058320541,0.027790747
2.8033896,-1.3838178e-05,-0.082432021
0.21909311,0.017075417,0.058162229
0.56668051,0.043060283,0.076563568
1.5556189,0.11447246,-0.019827814
2.1345331,0.0082378121,-0.076931159
1.5568556,0.014507149,-0.0020542978
1.0416223,0.042778819,0.065448323
1.4876822,-0.096648763,0.00047324048
2.5108052,0.0011622493,-0.0044245185
0.51740823,-0.011107715,-0.017626567
1.4618383,-0.12424971,0.0064666061
0.2514419,-0.0063049201,0.01890251
0.93439035,0.12376987,-0.070835033
2.3052565,0.012709813,-0.036772063
0.5438014,0.010517257,0.042998206
0.89945611,0.030841676,0.055633266
1.5523893,0.043881209,0.014166317
1.4054788,-0.14622985,0.014665446
2.5514211,-0.04525848,0.019903031
1.5092037,-0.03430836,-0.0056617906
0.39061463,-0.053890365,-0.023326772
2.2109389,-0.10043157,0.049723539
2.4246539,-0.044513658,0.026025829
2.8264918,-0.0041324866,-0.024971227
0.78245187,-0.10141953,-0.011641394
0.3009393,-0.038806059,-0.0064014219
1.7337314,0.0017243167,0.018829023
0.8831807,-0.0076140251,0.031616065
1.3246802,0.0014774266,0.032464131
2.6009074,-0.070553428,0.028174099
1.4981361,-0.03683708,0.041928939
1.5211175,0.081489388,-0.0044236243
2.0745626,-0.069996047,0.013245614
0.41346024,-0.075141206,-0.027483703
2.2996678,-0.10693921,0.050456573
2.7746743,-0.025429926,0.015227592
0.90265236,-0.057928567,-0.016759516
0.72906984,-0.11220896,-0.028537784
0.27902913,-0.058616888,-0.017391483
1.0537841,-0.050157473,0.022109836
0.58195124,-0.032429012,0.016395015
2.3084726,-0.015670733,-0.00089929865
2.6282323,-0.079235592,0.042747044
1.5328793,0.14248165,0.021445682
2.037353,0.05548342,-0.013060426
2.6659113,-0.040427296,0.015254067
2.7105312,-0.057498743,0.037788822
0.37932738,-0.080800425,-0.023262246
0.99159931,0.056545419,0.0088868461
0.3328233,-0.032389031,-0.0072276161
0.34633767,-0.070409796,-0.021753795
1.9690408,-0.040720222,0.022944288
2.0614709,-0.10687331,0.024931825
1.6120309,-0.12731689,0.026221759
0.6927829,-0.072882877,0.0018992655
2.2276572,-0.075987763,0.055587315
2.2485512,0.042720116,0.019762665
2.4711256,0.0952534,-0.027269184
2.536259,0.0084484565,-0.010501002
2.539497,-0.084606061,0.03716586
0.31875258,-0.050986919,-0.012591917
0.7020783,-0.061878335,0.012068905
0.7194014,0.030790659,0.042839854
0.55921537,0.099746371,0.048656178
0.48666581,0.017924568,0.0035344825
0.43412019,-0.069838952,-0.025924775
1.9120211,-0.090480681,0.040017873
0.92868988,-0.13091351,-0.007945221
1.2479867,-0.10097632,0.013709312
2.0935895,-0.13058913,0.050294743
2.6889799,0.067663447,-0.028123391
0.25475032,-0.017249058,0.0056801179
0.39396179,0.080297654,0.045752427
0.76109082,-0.096584151,-0.0041548005
2.4585992,-0.023915076,0.043569776
2.4978958,0.018005582,0.019659714
2.6274366,0.065718808,-0.021922852
0.26357945,0.0076790438,0.022073858
0.27570093,0.055711338,0.043371331
1.9415739,-0.13794757,0.046018963
1.7807245,-0.11393587,0.047794975
1.2474807,-0.11878761,0.020296443
2.1618933,0.10907401,-0.0033512775
0.85666989,0.10756451,0.056031829
1.5068641,0.038601232,0.041968943
0.68466056,-0.014546402,0.027398259
0.23828344,0.023048453,0.033389233
2.2031715,-0.10826565,0.061305175
1.0434215,-0.037235859,0.031625443
1.140361,0.012849546,0.043006384
2.7292498,-0.05198103,0.036839579
2.0774364,-0.020229206,0.03987813
1.0067533,-0.12399917,-0.015432101
1.5543488,-0.13600365,0.0073540985
2.7414219,0.036664341,-0.0010905505
1.5042115,0.13896459,0.011422862
1.9905996,-0.042109705,-0.00485634
1.5272849,0.11583592,0.034038128
2.7039266,-0.056100529,0.035588315
1.8736214,0.07124154,0.025887296
1.2806742,0.078543467,0.046349922
1.4760573,-0.028751051,-0.015493416
2.7469988,-0.037557623,0.037612168
0.94632115,0.10927281,0.026500969
2.0919259,0.10665266,-0.021158337
2.5984555,0.07271941,-0.026790008
0.43591108,0.082776851,0.034497086
1.6698651,-0.079587308,0.048041522
1.4748272,-0.13921195,0.013588561
0.5150757,0.055925427,0.018917751
2.511843,0.045350232,-0.011222989
1.8499761,0.019057346,0.036632727
0.67482886,0.074791155,0.059122849
2.3430824,0.075669036,-0.0025007757
2.6205699,-0.08122176,0.030710984
0.96150065,-0.046871802,-0.019650002
1.46043,-0.13734466,0.02983599
0.99138829,0.0027993296,-0.020015552
2.7739994,0.013605865,0.0076190991
1.4819796,-0.085003141,-0.0043895077
1.2073905,0.13989689,0.046183094
1.8135207,0.13744368,0.010520964
2.7436786,-0.011096697,0.01862242
1.9040057,0.14203929,-0.0014824653
1.2182416,0.14343802,0.033217521
1.1451401,-0.13160064,0.0012782891
1.8443975,-0.13316341,0.03585348
2.5073075,-0.030543767,0.0068216841
0.55079028,-0.014851417,-0.012444656
1.8791649,-0.1344401,0.026888264
1.1062684,-0.13162013,-0.011506055
0.51407827,-0.14811507,0.008998943
0.52108344,-0.16224202,-0.020422099
0.52481178,-0.17368496,-0.044322653
0.5167489,-0.16579427,-0.1117694
0.48718199,-0.14935955,0.13366475
0.5107699,-0.17788199,0.062250906
1.4595516,-0.42062954,-0.0015013128
1.4503069,-0.42140623,0.0030575236
1.4606218,-0.4267546,0.016162712
1.4673261,-0.42184071,0.037421454
1.4677779,-0.41702345,-0.03726199
1.4601657,-0.42305751,-0.011630536
2.3824053,-0.13665074,-0.0059261322
2.343344,-0.18976454,0.032342648
2.3628692,-0.21286309,0.073893281
2.4290858,-0.14102784,0.13872683
2.4229746,-0.17377929,-0.16325788
2.4031809,-0.14046548,-0.084309882
0.54363799,0.28327748,-0.014067297
0.55320585,0.28121404,0.02513385
0.5397102,0.27900712,0.065910741
0.52584498,0.28416973,0.12025206
0.5186975,0.27879623,-0.11901314
0.53564081,0.27323513,-0.068971779
1.6148675,0.59375854,-0.0093571531
1.6211522,0.60473916,0.0057332327
1.6187379,0.6000916,0.023375983
1.604414,0.5949347,0.053141116
1.6172168,0.60591868,-0.051638704
1.6170105,0.60411909,-0.022124226
2.5749665,0.26714432,0.0064629506
2.5867895,0.27696045,-0.011021463
2.5926068,0.2708464,-0.03929205
2.6062475,0.2623409,-0.086619775
2.6039964,0.26280442,0.096388323
2.586054,0.2708842,0.047203927
0.87008659,0.049767168,-0.0071163624
0.97789506,0.093606808,-0.008006048
1.0504412,-0.079933234,0.0013182183
1.5935388,0.13115693,-0.0053982929
1.9978281,-0.023638714,0.0031052247
1.047719,-0.033795556,0.0028246904
1.6241145,0.14244532,-0.0024931595
1.9325437,0.031185695,0.0021571626
1.0230592,0.014303524,0.0059171679
1.9139861,0.070499907,0.0042901452
1.521696,0.10556467,0.002171515
1.5640731,0.037826167,0.00034644476
1.7228504,0.13452684,0.0025597601
1.27853,0.053062684,0.0028246179
1.1964567,0.12734569,0.0061183332
1.6094473,0.098955636,0.001598396
1.3489003,0.14012971,0.0070749072
1.4951102,0.12544375,0.00067251852
1.5518908,-0.13290448,-0.002120784
1.4290034,-0.13687944,-0.00082091422
1.0892351,-0.11245174,-0.00074874941
1.7952602,-0.11394777,-0.006189458
0.97421488,-0.076009661,-0.001456534
1.9120381,-0.078760955,-0.0055200738
1.6250677,-0.14173325,0.0033832216
1.5272924,-0.036954427,-0.00079432815
1.7360362,-0.13009056,0.0011489972
1.2581532,-0.13465531,0.00020186178
1.0719438,0.012051368,-0.0017444709
2.1148449,-0.0023754521,0.0033392539
1.0409471,-0.026735744,0.0012109843
1.9210663,0.13460534,0.00056891453
1.0831675,0.02985762,-0.0049427525
1.2127572,-0.069613172,0.0021443032
1.546287,0.015945056,0.0017671298
1.2520369,-0.0023103441,-0.0056164861
1.4471508,0.00035341266,0.0095216184
1.9556959,-0.073654069,-0.029559747
2.314745,0.00058165609,0.00064877493
1.6023258,-0.1417262,-0.0081365756
0.7113447,0.032499228,-0.0075583326
1.3994361,-0.13681146,-0.0012361035
1.5939605,0.046135306,-0.01017525
1.2733631,-0.13906294,0.0031271846
1.4894028,0.076783942,-0.0043199708
1.1592219,0.12809203,-0.0092599724
1.4576976,-0.097417984,0.0024731942
1.5362977,-0.042442993,0.0016695447
0.98876911,0.0701891,0.010940236
1.9299653,0.11187094,-0.00043003029
0.91331246,-0.011409078,0.014894961
1.7388697,0.14169592,0.0011786476
1.7037967,0.016487982,0.0015396858
0.69409629,-0.10175715,0.0027326652
1.4760279,-0.084404615,-0.0015085043
1.6010245,-0.0010784834,-0.0018359152
0.70472356,-0.0068746391,0.0030464137
1.1950198,-0.11320841,0.00271068
2.6293584,0.12396145,-0.038501022
2.6391387,0.051399371,-0.016211719
2.6382221,0.11800631,-0.009448795
1.9263887,0.25317591,0.0017355783
1.7776471,0.16595555,0.0088881598
1.3333333,0.29528623,0.041870837
2.4935129,0.028669852,0.0017129551
2.5162667,0.15259261,0.0041560861
1.9323894,0.24629462,-0.0045967427
0.43280897,0.10568513,0.044417966
0.96631756,0.083347238,0.023992555
1.52893,0.064434024,0.012556892
2.7081197,0.06523571,-0.012000941
2.1025472,-0.0029353635,0.00095903115
2.4304266,-0.045368472,-0.0041634838
1.7830599,-0.093078762,0.008100231
1.9918861,0.26779619,-0.0017818887
1.1377779,0.29964862,0.010982029
0.45299409,0.15037532,0.026487671
2.6460073,0.064254265,-0.0033005643
0.47099546,0.035653733,0.014528965
1.2493708,0.015679465,0.015243004
1.271424,-0.045305113,0.010724985
2.5633012,0.00062750365,-0.0021792684
2.0321595,-0.10246841,-0.012265461
2.6055292,0.13191007,0.028352028
1.9350543,0.25459276,-0.0026686281
1.3136746,0.2941246,-0.026977061
0.58243561,0.20045952,0.0017486683
1.9294636,0.0079359152,-0.0053798155
1.0543336,0.033547881,0.0055926988
0.54388999,-0.060348269,0.01875854
1.3626835,-0.11066287,0.0048568642
2.5661458,0.029123744,0.0046674465
2.5272245,0.053060355,0.0032324721
1.398863,-0.13911278,-0.0053612485
2.4224695,-0.099909704,-0.028542507
2.604276,-0.087166819,-0.032262892
1.2924158,0.28509194,-0.044957014
0.58694374,0.20301821,-0.038085914
2.679167,0.06033484,0.0076127744
0.38668935,0.067449111,0.022037169
0.73650023,-0.098811508,0.017416487
2.4467637,0.030812291,0.00050920381
2.4449452,-0.028627637,-0.0022128406
2.4262608,-0.0099052098,0.0024194108
0.54458864,-0.099036514,0.017703013
1.3059111,-0.13990065,-0.0080390274
1.7938676,-0.14517851,-0.03122618
2.4989939,-0.064370209,-0.00633451
2.6178188,-0.079993419,-0.032369706
0.6840516,0.23627529,-0.077056626
0.46652759,0.09003656,0.0066790298
0.44696319,0.031295572,0.0062713511
0.40392328,0.03472642,0.0035895786
1.6142959,-0.1201175,0.004762394
2.5718366,0.037953906,0.0030618897
2.536888,0.0074425912,0.00019947214
0.55665616,-0.1015753,0.018145318
1.2943467,-0.12925784,-0.010697937
2.3048826,-0.10077568,-0.04234278
1.8345926,-0.10754816,-0.034134662
2.4252311,-0.062724233,-0.0018044605
2.4590569,-0.033132214,-0.0016131643
2.4758988,-0.08253904,-0.0011043783
2.5956881,-0.079277524,-0.014784881
2.7056308,-0.059493719,-0.032002259
2.3703576,0.090716184,0.011603054
2.2797515,0.039345117,-0.0028663195
0.39641074,0.050490716,-0.0079972171
0.4460791,0.10714861,-0.0051600806
0.50116207,0.00085387339,0.0039303814
0.53250786,-0.02946617,0.0051914673
0.43356965,-0.052716866,0.0094471031
2.5211508,-0.027442729,0.0011839153
0.89568717,-0.10348119,-0.0037947905
0.31392159,-0.065949138,0.010708571
1.3610816,-0.099312962,-0.021294888
2.0961568,-0.073807613,-0.041010491
2.4653727,-0.063311864,-0.0002466652
2.483108,-0.086560172,0.0040410527
2.563988,-0.085990017,-0.0056946554
2.7219643,-0.065578883,-0.012912416
2.4965517,-0.042285399,-0.030080312
1.3048385,0.10386255,-0.027474072
0.34865387,0.073141331,-0.033639123
1.8028123,-0.019084633,-0.0061574843
0.50760063,0.02795154,-0.018694224
1.284658,0.00503008,-0.016832964
2.5612858,-0.017904534,0.0019867887
0.41202705,0.061784377,-0.019361044
0.53050477,-0.003859686,-0.0011226014
0.51589607,0.025801472,-0.012956371
0.52121713,-0.037053576,-0.0012689015
0.48673976,-0.05244893,0.0035434872
0.49214466,-0.072660384,0.0030313977
0.37766226,-0.07389893,0.0047359156
0.40773349,-0.058312363,0.0049986998
0.94176664,-0.067084144,-0.012535595
0.39116893,-0.082665073,0.0095520124
0.36906514,-0.075952278,0.0068024987
1.3638577,-0.057856846,-0.028955872
1.9718997,-0.024064761,-0.032633819
2.4219409,-0.057273011,0.009486327
2.4845436,-0.087479681,0.0096208158
2.5381259,-0.10070118,0.0074899266
2.6321798,-0.08262106,-0.0062010022
2.6431534,-0.073218733,-0.00232033
2.5235935,0.0096638676,-0.016609769
1.3149023,-0.057064532,-0.0094963304
0.52718519,0.00047016127,-0.018837644
2.5901793,-0.068161793,0.019613066
0.48202085,-0.01274946,-0.0080280768
0.54068591,-0.055998463,-0.009254163
0.49467287,-0.0623673,-0.0022693678
0.47436752,-0.076937773,-0.0013237636
0.42511378,-0.081247694,0.0068153574
0.51545945,-0.036186634,-0.0097722256
0.99758593,-0.020828417,-0.024433051
0.37072282,-0.076919591,-0.00073031647
1.6100697,-0.0023078939,-0.031877189
1.9809165,0.033654035,-0.02111521
2.6348079,-0.085563691,0.014021939
2.6007647,-0.084884921,0.010138064
2.6452697,-0.078608157,0.0049863351
2.7040965,-0.052830709,-0.0050065334
2.4141471,0.05104559,-0.0015365367
2.7023632,-0.047516625,-0.016916355
2.7183196,-0.02846449,-0.016116799
0.41711272,-0.034114755,-0.010123934
1.7078396,-0.11775732,0.010145129
0.9211319,-0.096420581,-0.014511951
2.3835371,-0.10488344,0.031893354
0.47580825,-0.077324553,-0.006540206
0.43976125,-0.083567723,-0.011290416
0.39630195,-0.080997014,-0.004036514
0.49644696,0.0065148621,-0.021400406
1.2679937,0.034605672,-0.032499433
0.32595719,-0.063835613,0.00045264069
0.25264868,-0.052930242,0.0066351724
0.28142119,-0.038189381,-0.0011665224
0.35284987,-0.077334455,0.00048082739
0.32425303,-0.063966785,-0.0024896388
1.794504,0.098271244,-0.015332137
2.671706,-0.071954151,0.019182339
2.7137217,-0.065867084,0.01652333
2.7351815,-0.048888937,0.0059187851
2.2461546,0.089854743,0.0014485021
2.7773086,0.041296752,0.006781989
2.7655965,-0.0044367107,-0.011994285
2.7171024,-0.028923393,-0.0033168908
1.3308671,-0.12892354,0.0034976017
0.53495588,-0.10119704,-0.02134334
2.4804351,-0.10600708,0.037681351
1.781667,-0.14298889,0.024947702
0.36979919,-0.075486862,-0.00661587
0.45873729,0.044809287,-0.027568084
0.90296064,0.057213953,-0.038336665
1.2437137,0.098548043,-0.03494012
0.29930768,-0.045850079,0.00017329162
0.26742121,-0.028703777,1.6305503e-05
0.23430687,-0.022576323,-0.0022246916
0.24720736,-0.0037664108,-0.0062039636
0.20847148,0.01805121,-0.015685359
0.22892366,0.042896729,-0.025381785
0.33228758,-0.067944347,-0.0050727546
2.1737602,0.11383935,0.0071415957
1.5089123,0.12566062,-0.019335737
2.7400514,-0.043361144,0.017158635
2.7099575,-0.038729186,0.0069966184
2.6798256,0.065647016,0.017500739
2.7645873,0.014467128,-0.0019837442
2.7287379,-0.0044850188,-0.0034221069
1.2740386,-0.13434229,0.0090365261
0.98626113,-0.11741691,0.003011011
1.9666578,-0.12268236,0.037162682
2.5892786,-0.079244274,0.038314175
0.78002742,0.091801963,-0.038290145
0.8633316,0.11956209,-0.041400824
0.29820527,-0.045897854,-0.0092466371
0.2711413,-0.044556511,0.0022426735
0.29041241,-0.028827983,0.00020202715
0.23126325,-0.0069784111,-0.0015839112
0.2693358,0.025293827,-0.014331994
0.38299755,0.077614556,-0.039089602
0.29943546,-0.065394298,-0.013293497
1.7092769,0.13628587,-0.0088794128
2.4642508,0.10385321,0.021972895
2.6575277,0.071731751,0.012184172
1.3235456,0.13930909,-0.024309316
2.7152285,0.037977887,0.00050255986
2.7361159,0.015415295,-0.0020498991
2.7032715,0.040598646,0.00068561502
2.7200224,-0.014055696,0.0042386977
2.7415763,-0.020126839,0.013468995
1.5173104,-0.11906754,0.023436484
0.88891139,-0.08073248,0.0067451537
1.3633149,-0.091051872,0.022860639
1.9570877,-0.090444078,0.036762516
0.31817325,0.07302716,-0.019866
0.49521951,0.10137006,-0.03686
0.27255956,-0.029956885,0.00058952334
0.264454,-0.0088745764,-0.00078521812
0.26717457,0.0073404611,-0.0023383908
0.29456602,0.030916192,-0.0048129234
0.30817336,0.048941577,-0.0187104
1.5160155,0.13875168,-0.0095081099
2.1088555,0.11100835,0.011465437
1.0666708,0.13144764,-0.021875395
2.6798759,0.060585786,-0.00028240181
2.6902628,0.061799824,0.00549949
2.7324578,0.0081016486,-0.00017924195
2.7269163,0.024848846,0.00044375382
2.7107463,0.045821203,-0.0012030465
2.7273882,-0.0032683518,0.010214184
0.28759071,-0.034727877,-0.0078392633
0.81346353,-0.03657215,0.016427768
1.2294058,-0.050326287,0.024921895
1.7570348,-0.037190525,0.033449542
2.6279536,-0.044503525,0.030785357
0.59075921,0.090771236,-0.020202512
0.26768736,-0.011004232,0.0058885856
0.25056032,0.0074299697,0.00748255
0.25919422,0.013035944,0.0027444446
0.29592018,0.038002811,0.0031151632
0.32000605,0.058750349,-0.006687486
0.31348904,0.063817086,-0.017939845
1.2597444,0.1111682,-0.0090505148
2.5812431,0.0815671,0.0077314091
1.9003595,0.082794776,0.0073629321
2.4926248,0.074461482,0.014273759
2.6779959,0.068081316,0.0057953381
2.7725076,0.014816675,0.0032327797
2.7139017,0.038760023,-0.0033747552
2.7878395,-0.0067171529,0.0097549743
0.26655269,-0.0020704079,0.011713369
0.86419072,0.015200534,0.028211392
1.8011015,0.0092261503,0.028342295
2.0724047,0.013873498,0.023546646
2.3552169,-0.0095189197,0.022284123
0.44415416,0.053395729,-0.014022236
0.29911806,0.036247981,0.014889768
0.28066703,0.050506713,0.001386667
0.34250521,0.074856199,-0.0075301437
1.1179149,0.05666494,-0.0023515574
2.5680016,0.086081449,0.0042673286
2.3975236,0.024505146,0.010022712
2.6623219,0.069601391,-0.001735451
2.6817773,0.055890366,-0.0052857534
2.6100266,0.085958682,0.00023015764
2.7596279,0.045567104,-0.0088980914
0.25309658,0.023290787,0.021855402
1.294491,0.041149226,0.02988534
0.91132972,0.068007023,0.036246831
2.7175842,0.024388496,0.0020125006
2.1541842,0.064248856,0.0079047647
0.41117654,0.085958685,-0.0016692164
0.38235042,0.084497343,-0.016481351
0.37287082,-0.081287893,-0.016515586
0.35447299,0.076086007,0.0074024734
2.4382207,-0.006456249,0.0013758315
1.3767118,0.01660566,0.0036525432
0.88673648,-0.016312157,0.0082336122
2.5432018,0.074663655,0.0049796899
2.5723821,0.08006212,-0.0029578808
2.501382,0.086384621,0.00092991744
2.6140108,0.080003845,-0.0096194045
0.27510841,0.046651286,0.028345608
1.5997727,0.08640563,0.024104728
1.2008214,0.10957842,0.032488415
2.3973284,0.081151277,-0.005714284
0.42584813,0.09390687,0.0076849027
0.45033003,0.095675456,-0.0026881271
0.6160916,0.028180557,-0.0026297228
0.46484144,0.070174068,-0.010244301
0.37379182,0.079873275,0.021022136
0.39287894,0.093996635,0.011431551
1.7710682,-0.07110631,-6.9428891e-05
2.6060912,-0.045879399,-0.0081699779
0.5403984,-0.043345914,0.011200077
2.5923132,0.078366051,-0.015921381
2.4872048,0.074642218,-0.0028292299
2.5646704,0.043721884,0.012296543
2.4910403,0.059640989,0.0020722291
0.90333472,0.12396231,0.034832766
1.8315717,0.11284279,0.0073094967
2.2426716,0.11691048,-0.01259623
0.51189559,0.090994943,0.0029682702
0.53781827,0.0684466,-0.0033183663
0.5027053,0.078470245,-0.0084877786
0.49616079,-0.065845639,0.021053495
1.1960822,-0.088799844,0.0046363799
2.0921387,-0.10129212,-0.017722341
2.5873905,0.064721254,-0.0081175455
2.5381398,0.0072716695,0.0037740951
2.4661422,0.033945627,0.0020381125
0.58324842,0.1155605,0.032987031
1.5189709,0.13843733,0.019748273
0.43489895,0.0768816,0.016547337
0.46823318,-0.0085770546,0.0020654391
0.50089584,0.060796494,-0.0013986474
1.4669035,-0.11786998,-0.0013430236
0.42399044,-0.072606316,0.015658349
2.5154533,-0.091300464,-0.027170306
2.4768354,-0.03367737,-0.0042716471
2.4461292,-0.0056509608,0.00042015943
2.4659397,0.033686144,8.5351472e-05
1.850218,0.13157442,-0.0020432905
0.42879663,-0.028754284,0.00094604516
0.40034719,0.022860457,0.00067077182
0.49027299,0.060080059,0.0093106689
1.7306158,-0.13040519,-0.016908939
0.94216777,-0.12579365,0.0093522412
0.35235547,-0.074151761,0.019031907
1.9662626,-0.13528446,-0.028288758
2.4802404,-0.092438142,-0.038766719
2.6670703,-0.074097772,-0.0265694
2.4477185,-0.042290405,-0.00069181705
2.4802891,-0.064041465,-0.0033468499
2.6109944,-0.061396838,-0.0091228836
0.44158523,-0.049683091,0.0087132406
2.4416193,0.077357124,-0.015502422
2.4688118,0.050682258,-0.0085475664
2.4447714,-0.012128389,-0.001818016
2.4431321,0.024075559,-0.0028109302
1.7048315,0.10138079,0.00041863739
1.1430625,0.081576656,0.0040781743
0.49936948,-0.0065639787,5.6428023e-05
0.55184229,0.032619086,-0.0010473109
1.3760328,-0.13028209,-0.0092258541
0.34971695,-0.056463891,0.013723794
1.1097044,-0.10772798,-0.003457595
1.7359843,-0.12316845,-0.023270104
2.1524628,-0.086986318,-0.029489058
2.6843753,-0.058155966,-0.023398478
2.4527627,-0.046132995,0.00066520028
2.4082955,-0.089965917,-0.0072192366
0.53346121,-0.035558354,-0.0026818318
0.54716777,-0.063920304,-0.00021306185
0.39577915,-0.06282414,0.0039696416
2.6071777,0.028600079,-0.008467477
1.7769959,0.049726928,-0.0052713704
0.45243806,0.034244943,0.0064326527
0.45927751,0.019811497,-0.00099375666
0.48275446,-0.031090279,-0.0043058315
0.37968825,-0.083540476,0.0096522885
0.93264829,-0.062089007,-0.0092653353
1.4526583,-0.080923385,-0.016215914
0.20137585,-0.013290978,-0.0074120725
0.22695966,-0.027756789,-0.0029836414
2.6420922,-0.078465251,-0.014715774
2.5514934,-0.095488179,-0.0045352154
2.487714,-0.052170342,-0.01848565
2.6668769,-0.078862043,-0.014339176
2.440888,-0.02425045,-0.0023132831
2.3555516,-0.072860966,0.0075809097
2.4809152,-0.069221505,0.0013501604
2.5216648,-0.088826626,0.0046569974
0.4625743,-0.060350737,-0.00098875457
0.50801573,-0.058910657,-0.0077610277
0.46523928,-0.074697504,-0.004564179
2.2750375,-0.0069062812,-0.0023053796
1.5198057,0.0019321059,-0.006000814
0.7873196,-0.0086658939,-0.0058795145
0.39010336,-0.031454713,-0.0080816981
0.38857499,-0.086565419,0.0024471792
0.40809038,-0.078590588,0.00015303671
0.89159897,-0.00286288,-0.026418344
1.5238312,-0.028572966,-0.020004739
0.45778703,0.01321542,-0.032136268
0.26589506,-0.050328665,0.0002573019
0.28955333,-0.056759356,0.0095398184
0.36908913,-0.06749439,0.0033870051
2.1871165,-0.037200424,-0.01253014
2.5609889,-0.01459982,0.0046173154
2.6765441,-0.060052334,-0.015007442
2.8156342,-0.021988879,-0.0051650058
2.7906447,0.0023666076,0.02209298
2.5417022,-0.089216074,-0.0076639974
2.6389619,-0.077203688,-0.0031994992
2.4818034,-0.050678213,0.0076954509
2.610063,-0.072104812,0.013209904
0.44920925,-0.079801998,-0.0044943844
0.4198358,-0.080364407,-0.0071769619
1.759196,-0.063445173,0.002607599
1.2812302,-0.064172707,-0.008882338
0.39269097,-0.079161161,-0.0011341038
1.1522979,0.019813462,-0.032100836
1.8372602,0.011774313,-0.0027072076
0.57679648,0.04286075,-0.046717696
0.21472794,0.033760358,-0.068953638
0.33516738,-0.059374414,0.0021073462
0.26397895,-0.034133075,-0.0003990603
0.27050745,-0.0055463956,-0.011190266
2.2654189,-0.002674735,0.0088546812
2.6288711,-0.086160958,-0.00096614684
2.695961,-0.051831504,-0.0035416893
2.7754099,-0.032141427,-0.0089505122
2.7659544,-0.016000154,-0.00050893812
2.8067573,0.016299372,0.053759558
2.6242469,-0.080584936,0.006862423
2.5530056,-0.065858996,0.016123994
0.49960046,-0.088494233,-0.018247745
1.4632459,-0.10038179,-0.00086674847
0.80403322,-0.085520924,-0.018565069
0.38488632,-0.081095527,-0.0080900496
1.3592998,0.01277438,-0.014783812
2.3088077,0.0093098414,0.049419202
1.0330474,-0.016014409,-0.049280714
0.18439099,0.013589329,-0.023884039
0.64962643,-0.049505744,-0.060396136
0.32375471,-0.058559636,-0.0045827615
0.35228532,-0.073311966,-0.00081393763
0.28585624,-0.035000886,-0.0025716632
0.24756731,-0.018214385,-0.0040366546
0.25679677,0.0059849102,-0.0080052075
2.5775811,-0.082144795,0.012109747
2.6236521,-0.080682484,0.030298929
2.6481853,-0.07173838,0.0021662473
2.7528842,-0.047896275,0.0016016709
2.7486068,-0.028950653,-0.0018244943
2.7724421,-0.0017954077,0.013768237
2.6539084,-0.0028084457,0.10000521
2.6228552,-0.082628995,0.014426881
2.0770631,-0.10696419,0.017318707
1.7594216,-0.12858586,0.014745196
1.2474775,-0.11916409,-0.0057913353
2.0104875,-0.06112009,0.064791717
1.544937,-0.10854151,0.014867187
0.20431262,0.023258198,-0.030720907
0.29872067,-0.05181905,-0.0026685578
0.3428962,-0.061997174,-0.011370101
0.27577468,-0.031787309,0.00068719397
0.18416815,-0.018052936,0.0021197863
0.25099438,-0.0055424653,0.0027344959
1.4592025,0.11089519,-0.0035003504
2.707693,-0.052127955,0.012625961
2.7544086,-0.024846949,0.0014685635
2.7622861,-0.018442916,-0.00022341131
2.7741199,-0.0033901989,0.0020892915
2.8108225,0.0073790407,0.022772827
2.6698402,-0.080860388,0.032771581
0.97402119,-0.12401461,-0.010098193
1.995789,-0.12859152,0.030030568
0.25423755,0.017782776,0.0029316817
0.21324981,0.017022087,-0.0079227713
0.2451284,0.025096315,-0.010083353
0.24528038,0.028573367,-0.035603599
0.21642422,-0.013531204,0.0039383197
0.22467636,0.002188191,0.01598319
2.7509765,-0.032278104,0.0083231938
2.7282226,-0.04807258,0.020455226
2.7879601,-0.018271468,0.0007274464
2.7652885,-0.006725022,0.0006576096
2.7871265,0.0094454253,0.003046282
2.7802608,0.0073219588,-0.007889003
2.7884454,0.009502684,0.0045837215
2.8182365,0.017026823,0.04338318
0.29852359,-0.052117012,-0.011402697
0.87243184,-0.091011573,0.00033467348
1.4246545,-0.13318146,0.0106288
1.9795941,-0.11579284,0.029115581
2.206165,-0.079515421,0.026479484
0.21716384,0.015643804,0.021658827
0.24862897,0.031036741,0.0073512697
1.3141522,-0.13121734,-0.0054999015
0.84539274,-0.069596767,-0.013812621
0.30615778,0.037582461,-0.018676029
0.25211694,0.034810714,0.0079352964
0.22016549,-0.022528926,0.0041464326
0.18805336,0.0087520093,0.02409509
2.8124727,-0.0055996858,-0.0064394277
2.8024941,0.0084908352,-0.026842108
2.7802626,0.010162597,-0.012832534
2.7701414,0.0072270547,0.0076916377
2.7315309,-0.0062568686,0.029196696
0.52280224,-0.047820287,0.0024166016
1.6079575,-0.098134294,0.020656308
1.2715603,-0.067495823,0.015972729
1.7939224,-0.063479719,0.022377735
2.7133096,-0.013062949,-0.0033413369
2.2238399,-0.03773345,0.013564248
0.27122314,0.031323748,0.028991337
2.1562652,-0.11929157,0.015085991
1.6958937,-0.15188313,-0.0041653421
1.1777183,-0.11493504,0.010354151
0.23816955,0.038432923,0.039646968
2.7301648,0.018415427,-0.042657864
2.7331684,0.0218545,-0.030278622
2.633601,-0.0017736271,-0.0069956732
0.4625724,-0.010324716,0.017926985
0.84119543,-0.031835819,0.01789467
1.5141882,-0.024150281,0.020035886
2.051227,-0.0024649102,-0.0041509595
0.22866484,0.027352765,0.061460002
0.68299306,-0.042795179,0.035490711
2.1602411,-0.12083488,-0.021523195
1.7709034,-0.10704891,-0.025778737
1.1586618,-0.081737125,0.022162923
2.816694,0.014288996,-0.060777596
2.6926531,0.0092390037,-0.06252553
0.65032226,0.033353563,0.043302726
1.0319817,0.0076796171,0.032598213
2.4755591,0.010821914,-0.045049005
1.9469186,0.011291244,-0.016217159
0.35663629,0.020602507,0.080750699
2.2553075,-0.054044509,-0.065546967
1.6796357,-0.16592248,-0.036597318
0.76015356,0.03640392,0.062152468
1.1496681,0.035763467,0.035428517
0.37170274,0.15187087,0.071142817
1.3588513,0.25726494,-0.0021590793
1.9242246,0.0135349,0.0015981104
2.410744,-0.037600556,0.00095167895
2.0649975,0.017235015,0.00074062888
1.571674,-0.080790017,-0.027122124
2.5788484,-0.091549623,-0.019416604
1.9097378,-0.066090218,0.0018458904
0.32821027,-0.064131035,-0.014768999
0.19290175,-0.014312595,-0.0048691464
1.1289443,-0.0093385916,0.026929297
2.7473262,0.05878912,-0.015107813
0.82457238,0.1082205,0.029376145
0.51868766,0.034503061,0.00020464714
1.2663615,0.13687574,0.014574328
0.46368296,0.077198583,0.024445774
1.7589221,-0.064293975,-0.0205496
1.7372462,-0.009074704,0.018314462
0.34081159,0.06372192,0.021593281
2.1686196,-0.12429571,0.056439569
1.8195613,-0.18687271,0.028215571
1.5238578,0.011908829,0.014409549
1.2529893,-0.036399271,0.03500618
1.8597109,-0.034236209,-0.0010643289
1.875255,0.025335598,0.0034604446
1.8555426,-0.028181614,0.0020494782
0.99525446,-0.063898376,0.0012826197
1.167448,-0.031134199,-0.00069805296
1.002214,0.039074884,0.00058489632
2.3953793,0.064663285,-0.00094764503
1.5286835,0.15549473,0.01076832
2.0806885,0.1302269,-0.0010764329
1.1796272,0.05763713,0.0084163611
1.7207873,0.12644388,-0.010925491
0.98101262,0.16623562,0.011567519
1.0877151,-0.012671491,0.0072480268
1.108904,-0.073274092,0.0066487571
0.92630118,-0.097527295,0.0049430934
1.9304021,0.06240352,0.0051140262
1.055889,-0.13239653,0.0063736466
1.3811853,-0.14116187,-0.0072224002
2.1196001,-0.12790262,-0.016809763
0.99038816,0.14785764,-0.021084805
1.8286728,-0.029467173,-0.0028961564
1.042262,-0.13091069,0.0019278022
1.6706782,-0.1329998,-0.020008695
2.1336375,-0.11952393,-0.023426045
1.9012514,-0.11577249,-0.0072368132
1.0408,0.13609869,-0.000563133
1.1992445,-0.11194746,-0.0066451024
2.1751108,-0.097418838,-0.026322293
1.9285937,-0.10206611,0.00010909443
1.8400281,-0.074800841,-0.00035078703
2.0094295,-0.13019855,0.00054889646
1.9801393,-0.12791833,-0.0052356746
2.7990422,-0.024899593,-0.021155175
1.1144166,-0.025805658,0.00037983583
1.0815062,-0.068189258,0.0011792937
0.69122505,-0.094171415,0.0017895622
0.70626185,-0.069269635,-0.0017915688
1.2185409,-0.077417403,-0.013904606
2.3145655,-0.05085211,-0.020301459
1.9063721,-0.11212906,0.0058376442
2.1279294,-0.13199058,-0.0028417064
1.1318209,0.069137185,-0.011751258
1.090096,-0.026863517,-0.0074227592
1.1009368,-0.08685009,-0.003606899
0.9888947,-0.11097214,0.00044203488
0.75514374,-0.040088566,-0.011301521
1.6322079,-0.032098726,-0.018918305
2.2210765,0.0067461989,-0.015268829
1.8481977,0.0022951259,-0.016057332
2.005959,-0.12919357,0.013927218
2.2873517,-0.092125107,-0.0044603607
2.2028388,-0.11775672,-0.00083885379
0.91690815,-0.11439562,-0.0070798341
0.88780378,-0.12513884,0.00015145479
1.288251,-0.003723575,-0.019726142
0.73088669,-0.10852436,-0.0011246732
2.0145573,0.069954255,-0.010367779
2.1329429,-0.12501531,0.018946869
2.2113427,-0.11216883,0.016964884
2.5161153,-0.042157958,-0.0026377275
0.83741437,-0.11873102,-0.0067016726
0.69336619,0.028596261,-0.018383382
1.1706106,0.068125798,-0.019145423
0.68324289,-0.08563167,0.00020746239
0.73091892,-0.10027801,-0.0020230341
0.65446976,-0.073737944,-0.00017487219
1.4809922,0.10862761,-0.014554827
2.0584944,0.10779625,-0.0019476093
2.3178858,-0.081305943,0.016923682
2.3886949,0.074331812,-1.7547321e-05
2.3807247,-0.024342371,-0.0029406034
1.473134,-0.14394961,0.0080982132
1.6315832,-0.13700283,0.017908316
0.68787354,0.068674827,-0.021661088
0.99231374,0.11555373,-0.02211534
0.6073689,-0.04317853,-0.00072899636
0.55106664,-0.0052879854,-0.0078293191
1.8563659,0.13027946,-0.0018010098
2.3273227,0.099687417,0.0049060019
1.2436578,0.13913112,-0.016352394
2.3067134,-0.048570696,0.017012312
2.3965139,0.0091141557,-0.0024498896
1.2545388,-0.12883628,0.007764359
1.0715261,-0.098474581,0.0060790443
1.7801383,-0.11215873,0.018901668
0.59970976,-0.021322028,0.0065185396
0.6671134,-0.0074658327,-0.0013570099
2.0038864,0.13339252,0.0061151888
2.3744217,0.052377055,0.0013435066
2.3853469,-0.024057424,0.011777216
0.95410626,-0.053879442,0.0080596428
1.4837203,-0.06129243,0.017105668
0.6160018,0.035023642,-0.00094464703
0.66196736,0.066690085,-0.00031760142
1.3473589,0.13196372,-0.004452501
1.9002614,0.098075454,0.0062551347
2.3208029,0.078617452,-0.00079946953
2.3874714,0.023589194,0.0045703717
2.3423531,0.06275498,-0.0021517383
2.0400361,-0.017342661,0.017742676
0.59952959,0.020718799,0.0084842388
0.68051702,0.061974419,0.012889166
1.5076093,0.077316944,0.0028772954
2.1527764,0.12653778,-0.0015526737
1.0032815,0.045248359,0.017994049
1.5363806,0.043755951,0.016263734
0.70641498,0.10297752,0.0017595483
1.1357393,0.033906766,0.0016728069
1.9262998,0.0096513854,0.0035446605
2.22427,0.11075546,-0.00037215696
1.9164511,-0.03917092,-0.00019107285
1.335092,0.079136889,0.017251536
1.9172574,0.086576226,0.007841941
0.9183776,0.12908152,-0.013766585
0.87887773,0.12781427,-0.0010898061
0.90303554,0.12779732,0.020758754
1.7330026,-0.035122437,0.00066796194
1.23072,-0.060283787,0.0050068433
2.0325153,0.11552661,-0.0037726003
1.9904872,0.10759916,0.00043842085
1.3516226,0.1232282,0.015028524
1.0260219,0.13560455,0.014631396
1.0186693,0.12982312,0.0016109201
1.4674467,-0.097575983,0.0013041365
1.9414104,0.098825129,-0.006527093
1.9334613,0.069596128,0.0011715401
1.066906,0.11644331,0.010496254
1.029881,0.10577415,-6.0968542e-05
1.0241074,-0.11290591,0.0047298128
1.8244443,-0.12427498,-0.008792001
1.117083,0.075805346,0.0027407007
1.9165728,-0.076254754,-0.003099601
1.8753601,-0.016511568,-0.0021532647
1.8809073,0.056266798,-0.0068247736
1.312834,-0.13144763,-0.0019444222
1.3007112,-0.13459371,-0.00085384999
0.80312779,-0.10923559,0.0067398622
1.6676596,-0.1363047,-0.010097986
2.2217088,-0.11456364,-0.016784722
2.1973394,-0.10155254,-0.023452781
1.8774655,-0.072471083,-0.00061632567
1.9319028,-0.0045510398,-0.0020088895
1.1195261,-0.022400478,-0.0038890494
0.85613535,-0.089281778,-0.0006834145
1.4416824,-0.1086538,-0.0089326786
2.2953533,-0.066798998,-0.014040092
1.883466,-0.08235684,-0.00029877167
1.9735385,-0.10953135,0.0027132842
2.045166,-0.12778266,-0.01114445
1.0810057,-0.073926905,-0.0038739268
0.99677911,-0.10866637,-0.00068226021
0.88790297,-0.12339714,0.0035783355
1.303573,-0.0590734,-0.010498601
0.51388828,-0.024980457,-0.010506691
0.61655545,-0.055637764,-0.0037053668
2.1211086,-0.12693992,-0.0024947223
2.4509008,-0.032006708,-0.0052137927
1.995467,-0.11145004,0.0069076925
0.99564535,-0.10873346,-0.0047317104
0.87404894,-0.11873655,-0.0042161855
0.80947906,-0.11564509,0.00036841218
0.75770786,0.010892039,-0.017559106
1.2959803,-0.0094508229,-0.014548869
1.9792203,-0.028053885,-0.0067632317
2.4246773,0.0017851919,0.016154754
2.1600749,-0.11610921,0.0011711696
2.2921237,-0.095258386,-0.0022806202
1.8860645,-0.13636592,0.0090727013
0.81051652,-0.11535974,-0.0019220799
1.0379115,0.033853107,-0.025374472
1.5162899,0.019032452,-0.0040294891
0.55983916,0.030422772,-0.019792843
0.69166974,0.029938613,-0.035233333
0.6155581,-0.044649045,-0.0024287733
2.3620212,-0.06179488,-0.0034042442
2.1531642,-0.11775197,0.013306604
1.4779436,-0.11903662,0.00087058983
1.8012573,-0.021918349,0.013873276
1.1097716,0.010445207,-0.022793805
0.74273472,-0.088992411,0.00036237879
0.64378977,-0.06118427,0.0020135173
0.58528217,-0.0043524717,0.0019608551
2.3044784,-0.083810967,0.012069875
2.4030415,-0.051193069,0.0068267512
2.3935459,-0.032094345,-0.00031084274
2.4325679,-0.0095191578,0.0042318444
0.62409973,-0.01869793,0.012385764
0.59089147,0.009093227,0.01841855
2.4558214,-0.0041556072,-0.00087956953
2.3974986,-0.0004534567,0.02549389
1.6898988,-0.13109935,0.013781152
0.62931213,0.035823754,0.00080556375
0.66470294,0.033221684,0.022656733
0.65708931,0.032254096,-0.0025070714
2.3462258,-0.010039508,0.0010698129
2.4188045,0.0092165509,0.0026230131
2.4230977,0.0055089185,-0.016426738
1.0100135,-0.06473401,0.0082421579
1.2710281,-0.093514831,0.0085817257
1.9245306,-0.1062885,0.017365127
2.0610321,-0.058211092,0.011626922
1.4043044,-0.015860275,-0.0024923614
0.71754494,0.031957828,0.03490611
2.3649953,-0.0036555493,-0.031353056
2.3341488,-0.011315335,-0.0018853464
1.5050082,-0.049779632,0.0081473041
1.8096227,-0.034098105,0.010325319
1.8979746,-0.016131622,-0.0038054539
1.3632115,-0.010892952,0.00649824
1.1965373,-0.019474648,0.011498026
1.9053827,-0.016039421,-0.021293944
0.93594869,0.020827786,0.021947056
1.5145234,-0.0029116002,-0.0011322252
1.3931484,0.044772403,-0.0014593797
1.3797349,-0.0087478538,-0.001211695
1.5863072,-0.085747787,0.0007245502
1.4297249,-0.1307786,-0.0014622181
0.84870452,-0.11532767,0.0034182619
0.72419857,-0.1091896,0.0022377139
1.5552166,0.046250775,-0.021412502
2.4095612,0.042232733,-0.0030347443
1.4062015,-0.13849145,0.0014156576
0.63429923,0.10385173,-0.018512749
0.59069338,-0.047437441,0.0024029907
2.1164152,-0.038310138,0.031236277
1.8895767,-0.060307841,0.019499207
1.4165974,-0.022003215,0.01666531
0.69118652,0.098108652,-0.011952794
0.57766808,0.036325583,0.019685851
1.9327928,0.027821333,0.013501392
2.3102011,0.10117966,0.0032564869
0.44778767,-0.010007131,0.011282202
1.8470331,0.13121951,0.00085405815
0.36995084,0.077082769,0.040209118
0.96666821,0.10309778,0.017512517
0.84996943,0.11525808,-0.015157994
1.0741689,0.09432787,-0.0044460477
2.1294825,0.048424278,0.006250792
2.6653767,0.090256949,0.0039833913
1.5856829,0.13997016,0.0060909739
1.7840115,-0.084645954,-0.013755386
1.1911778,0.037089093,-0.00092391367
1.755477,-0.048645426,-0.0024407267
0.99947229,-0.037845786,-0.0073634464
0.72772583,-0.096315705,-0.0011321628
2.1171305,0.0068441597,0.0075569167
1.2957365,-0.13610958,-0.00057148249
2.3729723,-0.091646319,0.025205585
1.1388869,-0.120181,0.0014538094
2.2654454,-0.043832812,0.046169704
1.6573847,-0.11743526,0.01022209
1.8459368,-0.003975737,0.0041110572
0.96328664,0.027575305,0.010974957
1.9518932,0.00029798291,0.0012541452
1.5107874,0.01613264,0.0044225413
2.0864451,0.012715908,-0.005464196
0.80681796,0.017427328,-0.0017451463
1.5777058,-0.098997494,-0.0073402425
1.2972899,-0.051282674,-0.0020054154
1.5334419,-0.076642426,0.00034014843
1.4789542,-0.092343966,-0.0015039221
1.6037861,0.010542522,-0.0016484746
1.4633287,-0.11076176,0.00078310861
1.1437649,-0.13851939,-0.0011521864
1.2891924,-0.13191301,-0.0032065491
1.8417454,-0.1190249,-0.0088444045
1.9152473,-0.088950126,-0.0076198862
1.4409339,-0.12107322,0.0015386395
1.6176065,-0.14554367,0.0017171042
1.0359228,-0.072737779,-0.0054489601
1.2574082,-0.038510841,-0.0087581543
1.9135078,-0.032901623,-0.0076032355
1.7257735,-0.13654535,0.0060194491
1.0070883,-0.0014135247,-0.011469794
1.4989097,-0.0043378287,-0.0059259419
2.0547835,0.032374175,-0.0070476175
1.9590201,-0.085727264,0.0064997019
1.1179969,-0.11113413,0.001352388
1.8651575,0.098752447,-0.0020389718
